category,use,recommended,vendor,price,unit_cost,source_url,image_url,client_language,notes
Heavy-duty shelving unit,Bronze/Silver/Gold storage upgrade foundation,"VEVOR 5-tier adjustable garage shelving, 60x24x78, 2000 lb capacity",Amazon,$126.59,126.59,https://www.amazon.com/VEVOR-Shelving-Adjustable-Capacity-Organizer/dp/B0CBR8YLL8,https://m.media-amazon.com/images/I/71Ga1uucymL._AC_UL320_.jpg,"A heavy-duty freestanding shelving unit for bins, tools, paint, holiday storage, and overflow items.",Use as mid-tier default. Lower-cost shelves exist around $50–$90 but may feel less premium; verify dimensions before purchase.
Budget shelving unit,Lower-cost quote option when budget matters,"REIBII 5-tier adjustable metal shelving, 72x36x16",Amazon,$49.98,49.98,https://www.amazon.com/REIBII-2020LBS-Shelving-Adjustable-Basement/dp/B0DBHGYKXQ,https://m.media-amazon.com/images/I/712iFCuw7hL._AC_UL320_.jpg,A smaller freestanding metal shelf for light-to-medium garage storage.,"Good visual reference for “shelving unit,” but verify true strength and quality before buying in bulk."
Wall bike hooks,Bike wall hook installation add-on,Housolution 4-pack vertical bike wall mounts with fixed hooks,Amazon,$19.99,19.99,https://www.amazon.com/Housolution-Hanger-Bicycle-Storage-Vertical/dp/B09R1T2FTY,https://m.media-amazon.com/images/I/717SnSRbVzL._AC_UL320_.jpg,Wall-mounted bike hooks that lift bikes off the floor and create a cleaner garage walkway.,Good default for client reference. Installation depends on wall material/studs and bike weight.
Basic garage hooks,Bike/tool/lawn gear hook kit,HUPBIPY 12-pack heavy-duty utility garage hooks,Amazon,$22.77,22.77,https://www.amazon.com/HUPBIPY-Utility-Organizer-Organizing-Equipment/dp/B08JCPVK6C,https://m.media-amazon.com/images/I/71cztqe70cL._AC_UL320_.jpg,"Heavy-duty coated hooks for hanging bikes, ladders, hoses, cords, and bulky garage items.",Versatile kit for small add-ons; use when customer needs mixed hooks rather than dedicated bike hangers.
27-gallon storage bins,Storage bin package / seasonal storage zones,"Sterilite 4-pack 27-gallon heavy-duty industrial totes, black/yellow",Amazon,$75.99,75.99,https://www.amazon.com/Sterilite-Industrial-Storage-Heavy-Duty-Plastic/dp/B0GH9325VG,https://m.media-amazon.com/images/I/61YizaQfy6L._AC_UL320_.jpg,"Matching heavy-duty lidded bins for holiday décor, sports gear, tools, keepsakes, and seasonal storage.",Approx. $19/bin. Website can advertise bins starting at $20 each while quote confirms final product choice.
Label package,Custom label add-on,SUPVAN E11 Bluetooth label maker with 4 tapes,Amazon,$28.49,28.49,https://www.amazon.com/SUPVAN-E11-Bluetooth-Rechargeable-Organization/dp/B0DKS89T75,https://m.media-amazon.com/images/I/71h91JiJ3SL._AC_UY218_.jpg,"Clean printed labels so each bin, shelf, and zone is easy to maintain after the reset.","Internal tool, not necessarily charged as a one-to-one material. Useful for consistent RESET-labeled zones."
Sports equipment zone,Sports equipment zone add-on,EXTCCT rolling garage sports equipment organizer,Amazon,$89.88,89.88,https://www.amazon.com/EXTCCT-Garage-Sports-Equipment-Organizer/dp/B0CLL7WQ5V,https://m.media-amazon.com/images/I/81BWjw2E43L._AC_UL320_.jpg,"A sports gear station for balls, bats, gloves, helmets, and kids’ outdoor equipment.",Good visual for “sports zone.” Customer-facing starting price should leave room for assembly/labor.
Yard tool wall,Yard tool organization wall add-on,"LBT 66-inch garage tool organizer wall mount, adjustable hooks",Amazon,$59.99,59.99,https://www.amazon.com/LBT-Garage-Tool-Organizer-Mount/dp/B0F3VNFD4T,https://m.media-amazon.com/images/I/614fvJZEpGL._AC_UL320_.jpg,"A wall-mounted rail and hook system for rakes, shovels, brooms, yard tools, and cords.",Use as default yard-tool wall reference. Mounting depends on wall material and layout.
Power tool charging station,Power tool charging station add-on,CCCEI modular power tool organizer wall mount with 8-outlet charging station,Amazon,$44.79,44.79,https://www.amazon.com/CCCEI-Organizer-Charging-Station-Screwdriver/dp/B0BMFW2WG5,https://m.media-amazon.com/images/I/71vQmJrlq2L._AC_UL320_.jpg,A compact drill/tool shelf with charging access for batteries and cordless tools.,Electrical safety caveat: uses existing outlet/power strip; do not imply new electrical work.
Overhead garage rack,Quoted-after-review premium storage add-on,"FLEXIMOUNTS 4x8 overhead garage storage rack, 750 lb capacity",Amazon,$194.99,194.99,https://www.amazon.com/FLEXIMOUNTS-Overhead-Adjustable-Dropdown-Two-Color/dp/B0194R5BSA,https://m.media-amazon.com/images/I/71-y+k-cMfL._AC_UL320_.jpg,A ceiling-mounted overhead rack for less-used bins and seasonal storage when the garage structure is a fit.,"Do not sell blindly. Must review ceiling structure, joists, clearance, product requirements, load limits, and install conditions."
